code,name,credits,subjectGroup,tags
347-203,สถิติพื้นฐานสำหรับธุรกิจและการประยุกต์ใช้,3,วิชาแกนธุรกิจ,2563
460-101,หลักการตลาด,3,วิชาแกนธุรกิจ,2563|2567
460-102,การจัดการทรัพยากรมนุษย์,3,วิชาแกนธุรกิจ,2563
460-102,หลักการจัดการและจิตวิทยา,3,วิชาแกนธุรกิจ,2567
460-103,หลักการเงิน,3,วิชาแกนธุรกิจ,2563|2567
460-104,การจัดการการผลิตและการดำเนินงาน,3,วิชาแกนธุรกิจ,2563|2567
460-105,การจัดการทรัพยากรมนุษย์,3,วิชาแกนธุรกิจ,2567
460-201,ทักษะการติดต่อสื่อสารทางธุรกิจ,2,วิชาแกนธุรกิจ,2563
460-201,ความคิดแบบเติบโตเพื่อทักษะการสื่อสารทางธุรกิจ,2,วิชาแกนธุรกิจ,2567
460-202,ชุดวิชาดิจิทัล นวัตกรรม และความเป็นผู้ประกอบการ,7,วิชาแกนธุรกิจ,2563
460-202,ธุรกิจอัจฉริยะและการวิเคราะห์ข้อมูลเชิงธุรกิจ,3,วิชาแกนธุรกิจ,2567
460-301,ธุรกิจอัจฉริยะและการวิเคราะห์ข้อมูลเชิงธุรกิจ,3,วิชาแกนธุรกิจ,2563
460-301,กฎหมายและจริยธรรมทางธุรกิจ,3,วิชาแกนธุรกิจ,2567
460-302,สถิติสำหรับการวิจัยทางธุรกิจ,3,วิชาแกนธุรกิจ,2567
460-303,ชุดวิชาความเป็นผู้ประกอบการ นวัตกรรม และการเปลี่ยนผ่านสู่ดิจิทัล,4,วิชาแกนธุรกิจ,2567
460-401,การจัดการเชิงกลยุทธ์,3,วิชาแกนธุรกิจ,2563|2567
460-402,เตรียมสหกิจ,0,วิชาแกนธุรกิจ,2567
460-403,สหกิจศึกษา,6,วิชาแกนธุรกิจ,2567
464-101,การบัญชีการเงินเบื้องต้น,3,วิชาแกนธุรกิจ,2563|2567
464-201,การบัญชีบริหารเพื่อการจัดการธุรกิจ,3,การเงิน,2567
464-301,บัญชีเพื่อการจัดการทางธุรกิจ,3,การเงิน,2563
464-301,การภาษีอากร,3,วิชาแกนธุรกิจ,2567
473-200,การบริหารการเงิน,3,การเงิน,2563
473-200,ชุดวิชาการบริหารและการวิเคราะห์การเงิน,5,การเงิน,2567
473-201,หลักการวางแผนการเงินส่วนบุคคลและภาษี,3,การเงิน,2563|2567
473-202,สถาบันการเงินและตลาดการเงิน,3,การเงิน,2563|2567
473-300,ชุดวิชาการลงทุนในหุ้นสามัญเพื่อการสร้างความมั่งคั่ง,5,การเงิน,2563
473-300,ชุดวิชาการลงทุนในตราสารทุนและกองทุนรวม,5,การเงิน,2567
473-301,แบบจำลองทางการเงิน,3,การเงิน,2563
473-301,จรรยาบรรณและมาตรฐานในการประกอบวิชาชีพทางด้านการเงิน,2,การเงิน,2567
473-302,การบริหารความเสี่ยงทางการเงิน,3,การเงิน,2563
473-302,ชุดวิชาบริหารความเสี่ยงทางการเงินและตราสารอนุพันธ์,5,การเงิน,2567
473-303,การวิจัยทางการเงิน 1,2,การเงิน,2563|2567
473-304,การฝึกงานทางการเงิน,0,การเงิน,2563|2567
473-305,ชุดวิชาการวางแผนการประกันภัย,5,การเงิน,2563
473-305,แบบจำลองทางการเงิน,3,การเงิน,2567
473-306,ชุดวิชาการวางแผนเพื่อการเกษียณ,9,การเงิน,2563
473-306,การวางแผนการเงินเพื่อการเกษียณ,3,การเงิน,2567
473-307,จรรยาบรรณทางการเงิน,3,การเงิน,2563
473-307,การวางแผนการประกันภัย,3,การเงิน,2567
473-308,การลงทุนในตราสารหนี้,3,การเงิน,2563
473-308,การวิเคราะห์ตราสารหนี้,3,การเงิน,2567
473-309,การคลังสาธารณะ,3,การเงิน,2563
473-309,นโยบายการคลังสาธารณะ,3,การเงิน,2567
473-310,การบริหารสินเชื่อ,3,การเงิน,2563
473-310,การบริหารกลุ่มสินทรัพย์ลงทุน,3,การเงิน,2567
473-311,การบริหารสินเชื่อ,3,การเงิน,2567
473-312,คณิตศาสตร์และสถิติทางการเงิน,3,การเงิน,2567
473-313,การบริหารความเสี่ยง การควบคุมภายใน และการตรวจสอบภายใน,3,การเงิน,2567
473-314,การเงินเพื่อการค้าระหว่างประเทศ,3,การเงิน,2567
473-400,การเงินระหว่างประเทศ,3,การเงิน,2563|2567
473-401,การวิจัยทางการเงิน 2,2,การเงิน,2563|2567
473-402,การเงินเพื่อการนำเข้าและส่งออก,3,การเงิน,2563
473-402,การวางแผนภาษีและมรดก,3,การเงิน,2567
473-403,ตราสารอนุพันธ์,3,การเงิน,2563
473-403,การสร้างแผนการเงินส่วนบุคคลแบบบูรณาการ,3,การเงิน,2567
473-404,การวางแผนภาษีและมรดก,3,การเงิน,2563
473-404,ชุดวิชาการบริหารความเสี่ยงเพื่อการดำเนินธุรกิจที่ยั่งยืน,5,การเงิน,2567
473-405,การสร้างแผนการเงินส่วนบุคคลแบบบูรณาการ,3,การเงิน,2563
473-405,หัวข้อพิเศษทางการเงิน,3,การเงิน,2567
473-406,การเงินเชิงพฤติกรรม,3,การเงิน,2563
473-407,ชุดวิชาการวิเคราะห์ข้อมูลเพื่อการบริหารการเงินธุรกิจ,9,การเงิน,2563
473-408,ชุดวิชาการบริหารความเสี่ยงเพื่อการดำเนินธุรกิจที่ยั่งยืน,6,การเงิน,2563
473-409,เตรียมสหกิจศึกษา,1,การเงิน,2563
473-410,สหกิจศึกษา,8,การเงิน,2563
473-411,หัวข้อพิเศษทางการเงิน,3,การเงิน,2563
474-101,พฤติกรรมผู้บริโภค,3,การตลาด,2563
474-101,พฤติกรรมผู้บริโภคเพื่อการจัดการการตลาด,3,การตลาด,2567
474-201,การตลาดแห่งความหลากหลาย,3,การตลาด,2563
474-201,การจัดการแบรนด์และผลิตภัณฑ์,3,การตลาด,2567
474-202,การจัดการผลิตภัณฑ์และตราสินค้า,3,การตลาด,2563
474-202,การจัดการการตลาดเชิงนวัตกรรม,3,การตลาด,2567
474-203,การสื่อสารทางการตลาดเชิงบูรณาการ,3,การตลาด,2563
474-203,การตลาดเพื่อสังคม,3,การตลาด,2567
474-204,กลยุทธ์และการวิเคราะห์ราคา,3,การตลาด,2563|2567
474-205,แผนการตลาด,3,การตลาด,2563
474-301,การตลาดแบบเชื่อมโยงลูกค้าผ่านหลากหลายช่องทาง,3,การตลาด,2563|2567
474-302,การวิจัยการตลาด,3,การตลาด,2563
474-302,การวัดและการประเมินผลทางการตลาด,3,การตลาด,2567
474-303,การตลาดดิจิทัล,3,การตลาด,2563
474-303,การวิจัยการตลาด,3,การตลาด,2567
474-304,การฝึกงานทางการตลาด,0,การตลาด,2563|2567
474-305,การตลาดเพื่อสังคม,3,การตลาด,2563
474-305,การสื่อสารทางการตลาดเชิงบูรณาการ,3,การตลาด,2567
474-306,การตลาดเพื่อชุมชน,3,การตลาด,2563
474-306,การตลาดดิจิทัล,3,การตลาด,2567
474-307,การตลาดบริการ,3,การตลาด,2563|2567
474-308,การตลาดอาเซียน,3,การตลาด,2563
474-308,ชุดวิชาการตลาดคลื่นลูกใหม่,6,การตลาด,2567
474-309,การเตรียมฝึกประสบการณ์วิชาชีพการตลาด,3,การตลาด,2563
474-309,ชุดวิชาการตลาดอย่างเซียน,6,การตลาด,2567
474-310,การตลาดแห่งความหลากหลาย,3,การตลาด,2567
474-311,การตลาดเพื่อชุมชน,3,การตลาด,2567
474-401,กลยุทธ์การตลาด,3,การตลาด,2563|2567
474-402,เตรียมสหกิจศึกษา,1,การตลาด,2563
474-403,สหกิจศึกษา,8,การตลาด,2563
474-404,การตลาดโลก,3,การตลาด,2563|2567
474-405,การตลาดสื่อสังคม,3,การตลาด,2563
474-405,การตลาดสำหรับผลิตภัณฑ์นวัตกรรม,3,การตลาด,2567
474-406,การตลาดสำหรับผู้ประกอบการ,3,การตลาด,2563
474-406,การตลาดเพื่อสิ่งแวดล้อมและความยั่งยืน,3,การตลาด,2567
474-407,การบริหารการค้าปลีก,3,การตลาด,2563
474-407,นวัตกรรมการค้าปลีก,3,การตลาด,2567
474-408,สัมมนาการตลาด,3,การตลาด,2563|2567
474-409,หัวข้อพิเศษทางการตลาด,3,การตลาด,2567
475-201,การวางแผนทรัพยากรมนุษย์,3,การจัดการทรัพยากรมนุษย์,2563|2567
475-202,พฤติกรรมองค์การ,3,การจัดการทรัพยากรมนุษย์,2563
475-202,จิตวิทยาทางธุรกิจและพฤติกรรมองค์กร,3,การจัดการทรัพยากรมนุษย์,2567
475-203,ภาวะผู้นำสำหรับศตวรรษที่ 21,3,การจัดการทรัพยากรมนุษย์,2567
475-204,การพัฒนาทรัพยากรมนุษย์,3,การจัดการทรัพยากรมนุษย์,2567
475-205,การจัดการผลตอบแทน,3,การจัดการทรัพยากรมนุษย์,2567
475-300,การฝึกงานทางการจัดการทรัพยากรมนุษย์,0,การจัดการทรัพยากรมนุษย์,2563|2567
475-301,การพัฒนาทรัพยากรมนุษย์และองค์การ,3,การจัดการทรัพยากรมนุษย์,2563
475-301,การจัดการประสิทธิภาพและผลการปฏิบัติงาน,3,การจัดการทรัพยากรมนุษย์,2567
475-302,กฎหมายเกี่ยวกับการจัดการทรัพยากรมนุษย์,3,การจัดการทรัพยากรมนุษย์,2563
475-302,การเจรจาต่อรอง และการจัดการความขัดแย้งและยากลำบาก,3,การจัดการทรัพยากรมนุษย์,2567
475-303,การจัดการผลตอบแทน,3,การจัดการทรัพยากรมนุษย์,2563
475-303,การวิจัยทางด้านการจัดการทรัพยากรมนุษย์,3,การจัดการทรัพยากรมนุษย์,2567
475-304,การจัดการผลการปฏิบัติงาน,3,การจัดการทรัพยากรมนุษย์,2563
475-304,กฎหมายเกี่ยวกับการจัดการทรัพยากรมนุษย์,3,การจัดการทรัพยากรมนุษย์,2567
475-305,ภาวะผู้นำ,3,การจัดการทรัพยากรมนุษย์,2563
475-306,การเจรจาต่อรองทางธุรกิจ,3,การจัดการทรัพยากรมนุษย์,2563
475-311,การจัดการสำนักงานยุคใหม่,3,การจัดการทรัพยากรมนุษย์,2563|2567
475-312,การประชาสัมพันธ์องค์การ,3,การจัดการทรัพยากรมนุษย์,2563
475-312,การออกแบบสื่อ,3,การจัดการทรัพยากรมนุษย์,2567
475-313,การจัดการข้ามวัฒนธรรม,3,การจัดการทรัพยากรมนุษย์,2563
475-313,การทำงานในความหลากหลาย,3,การจัดการทรัพยากรมนุษย์,2567
475-321,ระบบสารสนเทศเพื่อการจัดการทรัพยากรมนุษย์,3,การจัดการทรัพยากรมนุษย์,2563|2567
475-322,การออกแบบองค์การ,3,การจัดการทรัพยากรมนุษย์,2563
475-322,การออกแบบองค์กรและการออกแบบองค์กรใหม่,3,การจัดการทรัพยากรมนุษย์,2567
475-323,การจัดการทรัพยากรมนุษย์ระหว่างประเทศ,3,การจัดการทรัพยากรมนุษย์,2563
475-323,การจัดการการเปลี่ยนแปลง,3,การจัดการทรัพยากรมนุษย์,2567
475-324,แรงงานสัมพันธ์,3,การจัดการทรัพยากรมนุษย์,2563
475-324,การสร้างประสบการณ์ให้แก่พนักงาน,3,การจัดการทรัพยากรมนุษย์,2567
475-325,การให้คำปรึกษา,3,การจัดการทรัพยากรมนุษย์,2567
475-400,เตรียมสหกิจศึกษา,1,การจัดการทรัพยากรมนุษย์,2563
475-401,การวิจัยทางด้านการจัดการทรัพยากรมนุษย์,3,การจัดการทรัพยากรมนุษย์,2563
475-402,สัมมนาการจัดการทรัพยากรมนุษย์,3,การจัดการทรัพยากรมนุษย์,2563|2567
475-403,สหกิจศึกษา,8,การจัดการทรัพยากรมนุษย์,2563
475-411,หัวข้อพิเศษทางการจัดการ,3,การจัดการทรัพยากรมนุษย์,2563
475-411,สัมมนาทางด้านการจัดการสมัยใหม่,3,การจัดการทรัพยากรมนุษย์,2567
475-421,การจัดการทรัพยากรมนุษย์เชิงกลยุทธ์,3,การจัดการทรัพยากรมนุษย์,2563|2567
475-422,การจัดการบุคลากรที่เป็นเลิศ,3,การจัดการทรัพยากรมนุษย์,2563
475-422,การจัดการคนเก่ง,3,การจัดการทรัพยากรมนุษย์,2567
475-423,หัวข้อพิเศษทางการจัดการทรัพยากรมนุษย์,3,การจัดการทรัพยากรมนุษย์,2563|2567
476-201,ความรู้เบื้องต้นเกี่ยวกับการจัดการโลจิสติกส์,3,การจัดการโลจิสติกส์และโซ่อุปทาน,2563|2567
476-202,ความรู้เบื้องต้นเกี่ยวกับการขนส่งและการกระจายสินค้า,3,การจัดการโลจิสติกส์และโซ่อุปทาน,2563
476-202,การจัดการธุรกิจระหว่างประเทศสำหรับโลจิสติกส์และโซ่อุปทาน,3,การจัดการโลจิสติกส์และโซ่อุปทาน,2567
476-203,การจัดการสินค้าคงคลังและคลังสินค้า,3,การจัดการโลจิสติกส์และโซ่อุปทาน,2563
476-203,การจัดการขนส่ง,3,การจัดการโลจิสติกส์และโซ่อุปทาน,2567
476-204,การจัดการธุรกิจระหว่างประเทศ,3,การจัดการโลจิสติกส์และโซ่อุปทาน,2563
476-204,การจัดซื้อและการจัดหา,3,การจัดการโลจิสติกส์และโซ่อุปทาน,2567
476-205,การบริหารความสัมพันธ์ลูกค้าสำหรับโลจิสติกส์และโซ่อุปทาน,3,การจัดการโลจิสติกส์และโซ่อุปทาน,2563
476-300,การฝึกงานทางโลจิสติกส์,0,การจัดการโลจิสติกส์และโซ่อุปทาน,2563|2567
476-301,การจัดซื้อและการจัดหา,3,การจัดการโลจิสติกส์และโซ่อุปทาน,2563
476-301,การจัดการคลังสินค้าและการกระจายสินค้า,3,การจัดการโลจิสติกส์และโซ่อุปทาน,2567
476-302,การจัดการและการออกแบบโซ่อุปทาน,3,การจัดการโลจิสติกส์และโซ่อุปทาน,2563
476-302,การวิเคราะห์และการจัดการสินค้าคงคลัง,3,การจัดการโลจิสติกส์และโซ่อุปทาน,2567
476-303,การสร้างแบบจำลองโซ่อุปทาน,3,การจัดการโลจิสติกส์และโซ่อุปทาน,2563
476-303,ตัวแบบการหาค่าเหมาะสมที่สุดในการจัดการโลจิสติกส์และโซ่อุปทาน,3,การจัดการโลจิสติกส์และโซ่อุปทาน,2567
476-304,วิธีวิจัยโลจิสติกส์และโซ่อุปทาน,3,การจัดการโลจิสติกส์และโซ่อุปทาน,2563
476-304,การจัดการการส่งออกและนำเข้า,3,การจัดการโลจิสติกส์และโซ่อุปทาน,2567
476-305,ตัวแบบการหาค่าเหมาะสมที่สุดในการจัดการโลจิสติกส์และโซ่อุปทาน,3,การจัดการโลจิสติกส์และโซ่อุปทาน,2563
476-305,วิธีวิจัยโลจิสติกส์และโซ่อุปทาน,3,การจัดการโลจิสติกส์และโซ่อุปทาน,2567
476-306,การวางแผนการจัดการทรัพยากรเพื่อการจัดการโลจิสติกส์และโซ่อุปทาน,3,การจัดการโลจิสติกส์และโซ่อุปทาน,2563
476-307,ธุรกิจพาณิชยนาวี,3,การจัดการโลจิสติกส์และโซ่อุปทาน,2563
476-308,การบริหารท่าเรือ,3,การจัดการโลจิสติกส์และโซ่อุปทาน,2563
476-309,การพยากรณ์อุปสงค์,3,การจัดการโลจิสติกส์และโซ่อุปทาน,2563
476-310,การบริหารจัดการโครงการด้านโลจิสติกส์และโซ่อุปทาน,3,การจัดการโลจิสติกส์และโซ่อุปทาน,2563
476-311,การสร้างแบบจำลองโซ่อุปทาน,3,การจัดการโลจิสติกส์และโซ่อุปทาน,2567
476-312,การบริหารความสัมพันธ์ลูกค้าสำหรับโลจิสติกส์และโซ่อุปทาน,3,การจัดการโลจิสติกส์และโซ่อุปทาน,2567
476-313,การวางแผนการจัดการทรัพยากรเพื่อการจัดการโลจิสติกส์และโซ่อุปทาน,3,การจัดการโลจิสติกส์และโซ่อุปทาน,2567
476-314,ธุรกิจพาณิชยนาวี,3,การจัดการโลจิสติกส์และโซ่อุปทาน,2567
476-315,การบริหารท่าเรือ,3,การจัดการโลจิสติกส์และโซ่อุปทาน,2567
476-316,การพยากรณ์อุปสงค์,3,การจัดการโลจิสติกส์และโซ่อุปทาน,2567
476-317,เทคโนโลยีสารสนเทศสำหรับการจัดการโลจิสติกส์และโซ่อุปทาน,3,การจัดการโลจิสติกส์และโซ่อุปทาน,2567
476-318,สถิติเพื่อการวิจัยสำหรับการจัดการโลจิสติกส์และโซ่อุปทาน,3,การจัดการโลจิสติกส์และโซ่อุปทาน,2567
476-400,เตรียมสหกิจศึกษา,1,การจัดการโลจิสติกส์และโซ่อุปทาน,2563
476-401,การจัดการการส่งออกและนำเข้า,3,การจัดการโลจิสติกส์และโซ่อุปทาน,2563
476-401,การจัดการและการออกแบบโซ่อุปทาน,3,การจัดการโลจิสติกส์และโซ่อุปทาน,2567
476-402,สัมมนาการจัดการโลจิสติกส์และโซ่อุปทาน,3,การจัดการโลจิสติกส์และโซ่อุปทาน,2563|2567
476-403,โครงงานสำหรับการจัดการโลจิสติกส์และโซ่อุปทาน,3,การจัดการโลจิสติกส์และโซ่อุปทาน,2563|2567
476-404,การขนส่งต่อเนื่องหลายรูปแบบ,3,การจัดการโลจิสติกส์และโซ่อุปทาน,2563
476-405,การจัดการระวางสินค้า,3,การจัดการโลจิสติกส์และโซ่อุปทาน,2563
476-406,การบรรจุภัณฑ์สำหรับการจัดการโลจิสติกส์,3,การจัดการโลจิสติกส์และโซ่อุปทาน,2563
476-407,การบริหารความเสี่ยงในโซ่อุปทาน,3,การจัดการโลจิสติกส์และโซ่อุปทาน,2563
476-408,การจัดการโลจิสติกส์และโซ่อุปทานเพื่อการช่วยเหลือทางมนุษยธรรม,3,การจัดการโลจิสติกส์และโซ่อุปทาน,2563
476-409,หัวข้อพิเศษด้านการจัดการโลจิสติกส์และโซ่อุปทาน,3,การจัดการโลจิสติกส์และโซ่อุปทาน,2563
476-410,สหกิจศึกษา,8,การจัดการโลจิสติกส์และโซ่อุปทาน,2563
476-411,การขนส่งต่อเนื่องหลายรูปแบบ,3,การจัดการโลจิสติกส์และโซ่อุปทาน,2567
476-412,การบริหารระวางสินค้า,3,การจัดการโลจิสติกส์และโซ่อุปทาน,2567
476-413,การจัดการการหยุดชะงักและความเสี่ยงโซ่อุปทาน,3,การจัดการโลจิสติกส์และโซ่อุปทาน,2567
476-414,โลจิสติกส์ข้ามพรมแดน,3,การจัดการโลจิสติกส์และโซ่อุปทาน,2567
476-415,การจัดการโซ่อุปทานสินค้าเกษตร,3,การจัดการโลจิสติกส์และโซ่อุปทาน,2567
476-416,การจัดการโซ่อุปทานสุขภาพ,3,การจัดการโลจิสติกส์และโซ่อุปทาน,2567
476-417,การจัดการโลจิสติกส์และโซ่อุปทานในอุตสาหกรรมการท่องเที่ยว,3,การจัดการโลจิสติกส์และโซ่อุปทาน,2567
476-418,การจัดการโลจิสติกส์และโซ่อุปทานในภาคอุตสาหกรรม,3,การจัดการโลจิสติกส์และโซ่อุปทาน,2567
476-419,ความยั่งยืนด้านการจัดการโซ่อุปทาน,3,การจัดการโลจิสติกส์และโซ่อุปทาน,2567
476-420,การจัดการด้านฮาลาลโลจิสติกส์และโซ่อุปทาน,3,การจัดการโลจิสติกส์และโซ่อุปทาน,2567
476-421,หัวข้อพิเศษด้านการจัดการโลจิสติกส์และโซ่อุปทาน,3,การจัดการโลจิสติกส์และโซ่อุปทาน,2567
477-101,หลักการพื้นฐานระบบสารสนเทศ,3,ระบบสารสนเทศทางธุรกิจ,2563|2567
477-102,ตรรกะของการใช้โปรแกรมและโครงสร้างข้อมูล,3,ระบบสารสนเทศทางธุรกิจ,2563|2567
477-201,การเขียนโปรแกรมเบื้องต้นทางธุรกิจ,3,ระบบสารสนเทศทางธุรกิจ,2563|2567
477-202,การจัดการฐานข้อมูล,3,ระบบสารสนเทศทางธุรกิจ,2563
477-202,เครือข่ายคอมพิวเตอร์และความมั่นคงทางไซเบอร์,3,ระบบสารสนเทศทางธุรกิจ,2567
477-203,เครือข่ายคอมพิวเตอร์และความมั่นคงทางไซเบอร์,3,ระบบสารสนเทศทางธุรกิจ,2563
477-203,การจัดการฐานข้อมูล,3,ระบบสารสนเทศทางธุรกิจ,2567
477-204,เทคโนโลยีแพลตฟอร์มสำหรับคลาวด์,3,ระบบสารสนเทศทางธุรกิจ,2567
477-301,การพัฒนาเว็บขั้นสมบูรณ์,3,ระบบสารสนเทศทางธุรกิจ,2563|2567
477-302,เทคโนโลยีแพลตฟอร์มสำหรับคลาวด์,3,ระบบสารสนเทศทางธุรกิจ,2563
477-302,การวิเคราะห์และออกแบบระบบสารสนเทศทางธุรกิจ,3,ระบบสารสนเทศทางธุรกิจ,2567
477-303,การวิเคราะห์และออกแบบระบบสารสนเทศทางธุรกิจ,3,ระบบสารสนเทศทางธุรกิจ,2563
477-303,ระบบสารสนเทศเพื่อการจัดการ,3,ระบบสารสนเทศทางธุรกิจ,2567
477-304,การฝึกงานทางระบบสารสนเทศ,0,ระบบสารสนเทศทางธุรกิจ,2563|2567
477-305,พาณิชย์อิเล็กทรอนิกส์,3,ระบบสารสนเทศทางธุรกิจ,2563|2567
477-306,ปัญญาประดิษฐ์และการเรียนรู้ของเครื่องจักร,3,ระบบสารสนเทศทางธุรกิจ,2563|2567
477-307,ทรัพย์สินทางปัญญาสำหรับดิจิทัลคอนเทนท์,3,ระบบสารสนเทศทางธุรกิจ,2563|2567
477-308,การค้นคืนสารสนเทศ,3,ระบบสารสนเทศทางธุรกิจ,2563|2567
477-309,วิทยาการเข้ารหัสลับและเทคโนโลยีบล็อกเชน,3,ระบบสารสนเทศทางธุรกิจ,2563|2567
477-310,การปฏิรูปสู่ดิจิทัล,3,ระบบสารสนเทศทางธุรกิจ,2563|2567
477-311,ระบบฐานข้อมูลขั้นสูง,3,ระบบสารสนเทศทางธุรกิจ,2563|2567
477-312,การสำรวจและการเตรียมข้อมูล,3,ระบบสารสนเทศทางธุรกิจ,2563|2567
477-313,การเขียนโปรแกรมสำหรับการวิเคราะห์ข้อมูล,3,ระบบสารสนเทศทางธุรกิจ,2563|2567
477-314,การแสดงข้อมูลด้วยแผนภาพ,3,ระบบสารสนเทศทางธุรกิจ,2563|2567
477-315,คลังข้อมูลและเหมืองข้อมูล,3,ระบบสารสนเทศทางธุรกิจ,2563|2567
477-316,การเขียนโปรแกรมทางสถิติ,3,ระบบสารสนเทศทางธุรกิจ,2563|2567
477-317,การวางแผนทรัพยากรองค์กร,3,ระบบสารสนเทศทางธุรกิจ,2567
477-318,พ.ร.บ.คุ้มครองส่วนบุคคลและการประยุกต์ใช้,3,ระบบสารสนเทศทางธุรกิจ,2567
477-321,การออกแบบประสบการณ์สำหรับผู้ใช้งาน,3,ระบบสารสนเทศทางธุรกิจ,2563|2567
477-322,การจัดการโครงการระบบสารสนเทศ,3,ระบบสารสนเทศทางธุรกิจ,2563|2567
477-323,การเขียนโปรแกรมประยุกต์บนอุปกรณ์เคลื่อนที่,3,ระบบสารสนเทศทางธุรกิจ,2563
477-323,การพัฒนาโปรแกรมประยุกต์สำหรับอุปกรณ์พกพา,3,ระบบสารสนเทศทางธุรกิจ,2567
477-324,มัลติมีเดียและการประยุกต์ใช้,3,ระบบสารสนเทศทางธุรกิจ,2563|2567
477-331,หัวข้อพิเศษทางระบบสารสนเทศทางธุรกิจ 1,3,ระบบสารสนเทศทางธุรกิจ,2563|2567
477-332,หัวข้อพิเศษทางระบบสารสนเทศทางธุรกิจ 2,3,ระบบสารสนเทศทางธุรกิจ,2563|2567
477-401,สัมมนาระบบสารสนเทศทางธุรกิจ,3,ระบบสารสนเทศทางธุรกิจ,2563
477-401,สัมมนาระบบสารสนเทศทางธุรกิจ,1,ระบบสารสนเทศทางธุรกิจ,2567
477-402,โครงงานระบบสารสนเทศทางธุรกิจ I,3,ระบบสารสนเทศทางธุรกิจ,2563
477-402,โครงงานระบบสารสนเทศทางธุรกิจ 1,2,ระบบสารสนเทศทางธุรกิจ,2567
477-403,โครงงานระบบสารสนเทศทางธุรกิจ II,3,ระบบสารสนเทศทางธุรกิจ,2563
477-403,โครงงานระบบสารสนเทศทางธุรกิจ 2,3,ระบบสารสนเทศทางธุรกิจ,2567
477-404,เตรียมสหกิจศึกษา,1,ระบบสารสนเทศทางธุรกิจ,2563
477-405,สหกิจศึกษา,8,ระบบสารสนเทศทางธุรกิจ,2563
478-200,ความรู้เบื้องต้นในอุตสาหกรรมไมซ์,3,การจัดการไมซ์,2563|2567
478-201,การดำเนินงานด้านไมซ์เสมือนโมเดลธุรกิจ,3,การจัดการไมซ์,2563
478-201,การสื่อสารและการเจรจาอย่างมืออาชีพในอุตสาหกรรมไมซ์,3,การจัดการไมซ์,2567
478-202,การจัดการประชุม,3,การจัดการไมซ์,2563
478-202,การจัดการประชุมองค์กร,3,การจัดการไมซ์,2567
478-203,การจัดการอาหารและเครื่องดื่ม,3,การจัดการไมซ์,2563
478-203,การจัดการการเดินทางเพื่อเป็นรางวัล,3,การจัดการไมซ์,2567
478-204,ความรู้เบื้องต้นในอุตสาหกรรมท่องเที่ยว,3,การจัดการไมซ์,2563
478-204,การพัฒนาบุคลิกภาพอย่างมืออาชีพ,3,การจัดการไมซ์,2567
478-205,การพัฒนาบุคลิกภาพอย่างมืออาชีพ,3,การจัดการไมซ์,2563
478-205,ศิลปะการนำเสนอสำหรับอุตสาหกรรมไมซ์,3,การจัดการไมซ์,2567
478-206,พหุวัฒนธรรมและความฉลาดทางวัฒนธรรมสำหรับอุตสาหกรรมไมซ์,3,การจัดการไมซ์,2567
478-207,นวัตกรรมและความยั่งยืนในอุตสาหกรรมไมซ์,3,การจัดการไมซ์,2567
478-301,การจัดการสถานที่จัดงานและสิ่งอำนวยความสะดวก,3,การจัดการไมซ์,2563
478-301,การจัดการประชุมวิชาชีพ,3,การจัดการไมซ์,2567
478-302,การจัดการการเดินทางเพื่อเป็นรางวัล,3,การจัดการไมซ์,2563
478-302,การจัดการอีเวนต์,3,การจัดการไมซ์,2567
478-303,การจัดการนิทรรศการ,3,การจัดการไมซ์,2563
478-303,การจัดการงานแสดงสินค้า,3,การจัดการไมซ์,2567
478-304,การจัดการอีเวนต์,3,การจัดการไมซ์,2563
478-304,ชุดวิชาการผลิตอีเวนต์ด้านไมซ์และความคิดสร้างสรรค์,3,การจัดการไมซ์,2567
478-305,การฝึกงานทางการจัดการไมซ์,0,การจัดการไมซ์,2563|2567
478-306,การตลาดสำหรับอุตสาหกรรมไมซ์,3,การจัดการไมซ์,2563|2567
478-307,โลจิสติกส์สำหรับอุตสาหกรรมไมซ์,3,การจัดการไมซ์,2563
478-307,การจัดเลี้ยงสำหรับอุตสาหกรรมไมซ์,3,การจัดการไมซ์,2567
478-308,การจัดการจุดหมายปลายทาง,3,การจัดการไมซ์,2563
478-308,การออกแบบงานไมซ์อย่างสร้างสรรค์,3,การจัดการไมซ์,2567
478-309,การเป็นผู้ประกอบการในธุรกิจไมซ์,3,การจัดการไมซ์,2563
478-309,การออกแบบมัลติมีเดียและกราฟิกสำหรับอุตสาหกรรมไมซ์,3,การจัดการไมซ์,2567
478-310,การวิจัยทางการจัดการไมซ์ 1,3,การจัดการไมซ์,2563
478-310,การจัดการนวัตกรรมในอุตสาหกรรมไมซ์,3,การจัดการไมซ์,2567
478-311,การจัดงานอีเวนต์กีฬามวลชน,3,การจัดการไมซ์,2567
478-312,การจัดการอัตลักษณ์และจุดหมายปลายทางในการจัดงานไมซ์,3,การจัดการไมซ์,2567
478-401,การวิจัยทางการจัดการไมซ์ 2,3,การจัดการไมซ์,2563
478-401,การจัดการสถานที่จัดงานและสิ่งอำนวยความสะดวก,3,การจัดการไมซ์,2567
478-402,เตรียมสหกิจศึกษา,1,การจัดการไมซ์,2563
478-402,การวิจัยในอุตสาหกรรมไมซ์,3,การจัดการไมซ์,2567
478-403,สหกิจศึกษา,8,การจัดการไมซ์,2563
478-404,การออกแบบนวัตกรรมและความคิดสร้างสรรค์สำหรับอุตสาหกรรมไมซ์,3,การจัดการไมซ์,2563
478-405,การจัดการอุตสาหกรรมไมซ์อย่างยั่งยืน,3,การจัดการไมซ์,2563
478-405,การจัดการพิธีการ,3,การจัดการไมซ์,2567
478-406,การบริหารความเสี่ยงในอุตสาหกรรมไมซ์,3,การจัดการไมซ์,2563
478-406,การเจรจาต่อรองและการจัดการความสัมพันธ์,3,การจัดการไมซ์,2567
478-407,หัวข้อพิเศษทางการจัดการอุตสาหกรรมไมซ์,3,การจัดการไมซ์,2563
478-407,การจัดการโซ่อุปทานในอุตสาหกรรมไมซ์,3,การจัดการไมซ์,2567
478-408,การวางแผนและการดำเนินการงานแต่งงาน,3,การจัดการไมซ์,2567
478-409,เมกะอีเวนต์และเทศกาลนานาชาติ,3,การจัดการไมซ์,2567
478-410,การจัดการคอนเสิร์ตและเทศกาลดนตรี,3,การจัดการไมซ์,2567
478-411,หัวข้อพิเศษทางการจัดการไมซ์,3,การจัดการไมซ์,2567
874-293,กฎหมายธุรกิจ,3,วิชาแกนธุรกิจ,2563
876-102,หลักเศรษฐศาสตร์พื้นฐานและการประยุกต์,3,วิชาแกนธุรกิจ,2563
876-106,เศรษฐศาสตร์สำหรับบริหารธุรกิจ,3,วิชาแกนธุรกิจ,2567
